{"cameraMode":{"drawMode":0,"name":"Shaded","section":"Shading Mode"},"sceneLighting":true,"audioPlay":false,"sceneViewState":{"showFog":true,"showMaterialUpdate":false,"showSkybox":true,"showFlares":true,"showImageEffects":true,"showParticleSystems":true},"in2DMode":false,"pivot":{"x":0.0,"y":2.055000066757202,"z":4.4195966720581059},"rotation":{"x":-0.19310639798641206,"y":0.1544041633605957,"z":-0.030788486823439599,"w":-0.9684914946556091},"size":5.238622188568115,"orthographic":false}